{"__meta":{"schema_version":3,"schema_name":"XGBoostModelV3","schema_type":"XGBoostModel"},"model_id":{"__meta":{"schema_version":3,"schema_name":"ModelKeyV3","schema_type":"Key<Model>"},"name":"XGBoost_1_AutoML_3_20240323_02415","type":"Key<Model>","URL":"/3/Models/XGBoost_1_AutoML_3_20240323_02415"},"algo":"xgboost","algo_full_name":"XGBoost","response_column_name":"Crime Category","treatment_column_name":null,"data_frame":{"__meta":{"schema_version":3,"schema_name":"FrameKeyV3","schema_type":"Key<Frame>"},"name":"AutoML_3_20240323_02415_training_py_17_sid_8646","type":"Key<Frame>","URL":"/3/Frames/AutoML_3_20240323_02415_training_py_17_sid_8646"},"timestamp":1711153757314,"have_pojo":true,"have_mojo":true,"algo":"xgboost","algo_full_name":"XGBoost","model_id":{"__meta":{"schema_version":3,"schema_name":"ModelKeyV3","schema_type":"Key<Model>"},"name":"XGBoost_1_AutoML_3_20240323_02415","type":"Key<Model>","URL":"/3/Models/XGBoost_1_AutoML_3_20240323_02415"},"parameters":[{"__meta":{"schema_version":3,"schema_name":"ModelParameterSchemaV3","schema_type":"Iced"},"name":"model_id","label":"model_id","help":"Destination id for this model; auto-generated if not specified.","required":false,"type":"Key<Model>","default_value":null,"actual_value":{"__meta":{"schema_version":3,"schema_name":"ModelKeyV3","schema_type":"Key<Model>"},"name":"XGBoost_1_AutoML_3_20240323_02415","type":"Key<Model>","URL":"/3/Models/XGBoost_1_AutoML_3_20240323_02415"},"input_value":null,"level":"critical","values":[],"is_member_of_frames":[],"is_mutually_exclusive_with":[],"gridable":false},{"__meta":{"schema_version":3,"schema_name":"ModelParameterSchemaV3","schema_type":"Iced"},"name":"training_frame","label":"training_frame","help":"Id of the training data frame.","required":false,"type":"Key<Frame>","default_value":null,"actual_value":{"__meta":{"schema_version":3,"schema_name":"FrameKeyV3","schema_type":"Key<Frame>"},"name":"AutoML_3_20240323_02415_training_py_17_sid_8646","type":"Key<Frame>","URL":"/3/Frames/AutoML_3_20240323_02415_training_py_17_sid_8646"},"input_value":null,"level":"critical","values":[],"is_member_of_frames":[],"is_mutually_exclusive_with":[],"gridable":false},{"__meta":{"schema_version":3,"schema_name":"ModelParameterSchemaV3","schema_type":"Iced"},"name":"validation_frame","label":"validation_frame","help":"Id of the validation data frame.","required":false,"type":"Key<Frame>","default_value":null,"actual_value":{"__meta":{"schema_version":3,"schema_name":"FrameKeyV3","schema_type":"Key<Frame>"},"name":"AutoML_3_20240323_02415_validation_py_17_sid_8646","type":"Key<Frame>","URL":"/3/Frames/AutoML_3_20240323_02415_validation_py_17_sid_8646"},"input_value":null,"level":"critical","values":[],"is_member_of_frames":[],"is_mutually_exclusive_with":[],"gridable":true},{"__meta":{"schema_version":3,"schema_name":"ModelParameterSchemaV3","schema_type":"Iced"},"name":"nfolds","label":"nfolds","help":"Number of folds for K-fold cross-validation (0 to disable or >= 2).","required":false,"type":"int","default_value":0,"actual_value":0,"input_value":null,"level":"critical","values":[],"is_member_of_frames":[],"is_mutually_exclusive_with":[],"gridable":false},{"__meta":{"schema_version":3,"schema_name":"ModelParameterSchemaV3","schema_type":"Iced"},"name":"keep_cross_validation_models","label":"keep_cross_validation_models","help":"Whether to keep the cross-validation models.","required":false,"type":"boolean","default_value":true,"actual_value":false,"input_value":null,"level":"expert","values":[],"is_member_of_frames":[],"is_mutually_exclusive_with":[],"gridable":false},{"__meta":{"schema_version":3,"schema_name":"ModelParameterSchemaV3","schema_type":"Iced"},"name":"keep_cross_validation_predictions","label":"keep_cross_validation_predictions","help":"Whether to keep the predictions of the cross-validation models.","required":false,"type":"boolean","default_value":false,"actual_value":false,"input_value":null,"level":"expert","values":[],"is_member_of_frames":[],"is_mutually_exclusive_with":[],"gridable":false},{"__meta":{"schema_version":3,"schema_name":"ModelParameterSchemaV3","schema_type":"Iced"},"name":"keep_cross_validation_fold_assignment","label":"keep_cross_validation_fold_assignment","help":"Whether to keep the cross-validation fold assignment.","required":false,"type":"boolean","default_value":false,"actual_value":false,"input_value":null,"level":"expert","values":[],"is_member_of_frames":[],"is_mutually_exclusive_with":[],"gridable":false},{"__meta":{"schema_version":3,"schema_name":"ModelParameterSchemaV3","schema_type":"Iced"},"name":"score_each_iteration","label":"score_each_iteration","help":"Whether to score during each iteration of model training.","required":false,"type":"boolean","default_value":false,"actual_value":false,"input_value":null,"level":"secondary","values":[],"is_member_of_frames":[],"is_mutually_exclusive_with":[],"gridable":false},{"__meta":{"schema_version":3,"schema_name":"ModelParameterSchemaV3","schema_type":"Iced"},"name":"fold_assignment","label":"fold_assignment","help":"Cross-validation fold assignment scheme, if fold_column is not specified. The 'Stratified' option will stratify the folds based on the response variable, for classification problems.","required":false,"type":"enum","default_value":"AUTO","actual_value":null,"input_value":null,"level":"secondary","values":["AUTO","Random","Modulo","Stratified"],"is_member_of_frames":[],"is_mutually_exclusive_with":[],"gridable":true},{"__meta":{"schema_version":3,"schema_name":"ModelParameterSchemaV3","schema_type":"Iced"},"name":"fold_column","label":"fold_column","help":"Column with cross-validation fold index assignment per observation.","required":false,"type":"VecSpecifier","default_value":null,"actual_value":null,"input_value":null,"level":"secondary","values":[],"is_member_of_frames":["training_frame"],"is_mutually_exclusive_with":["response_column","weights_column","ignored_columns","offset_column"],"gridable":true},{"__meta":{"schema_version":3,"schema_name":"ModelParameterSchemaV3","schema_type":"Iced"},"name":"response_column","label":"response_column","help":"Response variable column.","required":false,"type":"VecSpecifier","default_value":null,"actual_value":{"__meta":{"schema_version":3,"schema_name":"ColSpecifierV3","schema_type":"VecSpecifier"},"column_name":"Crime Category","is_member_of_frames":null},"input_value":null,"level":"critical","values":[],"is_member_of_frames":["training_frame","validation_frame"],"is_mutually_exclusive_with":["weights_column","ignored_columns","offset_column","fold_column"],"gridable":true},{"__meta":{"schema_version":3,"schema_name":"ModelParameterSchemaV3","schema_type":"Iced"},"name":"ignored_columns","label":"ignored_columns","help":"Names of columns to ignore for training.","required":false,"type":"string[]","default_value":null,"actual_value":null,"input_value":null,"level":"critical","values":[],"is_member_of_frames":["training_frame","validation_frame"],"is_mutually_exclusive_with":["response_column","weights_column","offset_column","fold_column"],"gridable":false},{"__meta":{"schema_version":3,"schema_name":"ModelParameterSchemaV3","schema_type":"Iced"},"name":"ignore_const_cols","label":"ignore_const_cols","help":"Ignore constant columns.","required":false,"type":"boolean","default_value":true,"actual_value":true,"input_value":null,"level":"critical","values":[],"is_member_of_frames":[],"is_mutually_exclusive_with":[],"gridable":false},{"__meta":{"schema_version":3,"schema_name":"ModelParameterSchemaV3","schema_type":"Iced"},"name":"offset_column","label":"offset_column","help":"Offset column. This will be added to the combination of columns before applying the link function.","required":false,"type":"VecSpecifier","default_value":null,"actual_value":null,"input_value":null,"level":"secondary","values":[],"is_member_of_frames":["training_frame","validation_frame"],"is_mutually_exclusive_with":["response_column","weights_column","ignored_columns","fold_column"],"gridable":true},{"__meta":{"schema_version":3,"schema_name":"ModelParameterSchemaV3","schema_type":"Iced"},"name":"weights_column","label":"weights_column","help":"Column with observation weights. Giving some observation a weight of zero is equivalent to excluding it from the dataset; giving an observation a relative weight of 2 is equivalent to repeating that row twice. Negative weights are not allowed. Note: Weights are per-row observation weights and do not increase the size of the data frame. This is typically the number of times a row is repeated, but non-integer values are supported as well. During training, rows with higher weights matter more, due to the larger loss function pre-factor. If you set weight = 0 for a row, the returned prediction frame at that row is zero and this is incorrect. To get an accurate prediction, remove all rows with weight == 0.","required":false,"type":"VecSpecifier","default_value":null,"actual_value":null,"input_value":null,"level":"secondary","values":[],"is_member_of_frames":["training_frame","validation_frame"],"is_mutually_exclusive_with":["response_column","ignored_columns","offset_column","fold_column"],"gridable":true},{"__meta":{"schema_version":3,"schema_name":"ModelParameterSchemaV3","schema_type":"Iced"},"name":"stopping_rounds","label":"stopping_rounds","help":"Early stopping based on convergence of stopping_metric. Stop if simple moving average of length k of the stopping_metric does not improve for k:=stopping_rounds scoring events (0 to disable)","required":false,"type":"int","default_value":0,"actual_value":3,"input_value":null,"level":"secondary","values":[],"is_member_of_frames":[],"is_mutually_exclusive_with":[],"gridable":true},{"__meta":{"schema_version":3,"schema_name":"ModelParameterSchemaV3","schema_type":"Iced"},"name":"stopping_metric","label":"stopping_metric","help":"Metric to use for early stopping (AUTO: logloss for classification, deviance for regression and anomaly_score for Isolation Forest). Note that custom and custom_increasing can only be used in GBM and DRF with the Python client.","required":false,"type":"enum","default_value":"AUTO","actual_value":"logloss","input_value":null,"level":"secondary","values":["AUTO","deviance","logloss","MSE","RMSE","MAE","RMSLE","AUC","AUCPR","lift_top_group","misclassification","mean_per_class_error","anomaly_score","AUUC","ATE","ATT","ATC","qini","custom","custom_increasing"],"is_member_of_frames":[],"is_mutually_exclusive_with":[],"gridable":true},{"__meta":{"schema_version":3,"schema_name":"ModelParameterSchemaV3","schema_type":"Iced"},"name":"stopping_tolerance","label":"stopping_tolerance","help":"Relative tolerance for metric-based stopping criterion (stop if relative improvement is not at least this much)","required":false,"type":"double","default_value":0.001,"actual_value":0.0026946543788814907,"input_value":null,"level":"secondary","values":[],"is_member_of_frames":[],"is_mutually_exclusive_with":[],"gridable":true},{"__meta":{"schema_version":3,"schema_name":"ModelParameterSchemaV3","schema_type":"Iced"},"name":"max_runtime_secs","label":"max_runtime_secs","help":"Maximum allowed runtime in seconds for model training. Use 0 to disable.","required":false,"type":"double","default_value":0.0,"actual_value":0.0,"input_value":null,"level":"secondary","values":[],"is_member_of_frames":[],"is_mutually_exclusive_with":[],"gridable":true},{"__meta":{"schema_version":3,"schema_name":"ModelParameterSchemaV3","schema_type":"Iced"},"name":"seed","label":"seed","help":"Seed for pseudo random number generator (if applicable)","required":false,"type":"long","default_value":-1,"actual_value":42,"input_value":null,"level":"critical","values":[],"is_member_of_frames":[],"is_mutually_exclusive_with":[],"gridable":true},{"__meta":{"schema_version":3,"schema_name":"ModelParameterSchemaV3","schema_type":"Iced"},"name":"distribution","label":"distribution","help":"Distribution function","required":false,"type":"enum","default_value":"AUTO","actual_value":"multinomial","input_value":null,"level":"secondary","values":["AUTO","bernoulli","quasibinomial","ordinal","multinomial","gaussian","poisson","gamma","tweedie","laplace","quantile","huber","custom"],"is_member_of_frames":[],"is_mutually_exclusive_with":[],"gridable":true},{"__meta":{"schema_version":3,"schema_name":"ModelParameterSchemaV3","schema_type":"Iced"},"name":"tweedie_power","label":"tweedie_power","help":"Tweedie power for Tweedie regression, must be between 1 and 2.","required":false,"type":"double","default_value":1.5,"actual_value":1.5,"input_value":null,"level":"secondary","values":[],"is_member_of_frames":[],"is_mutually_exclusive_with":[],"gridable":true},{"__meta":{"schema_version":3,"schema_name":"ModelParameterSchemaV3","schema_type":"Iced"},"name":"categorical_encoding","label":"categorical_encoding","help":"Encoding scheme for categorical features","required":false,"type":"enum","default_value":"AUTO","actual_value":"OneHotInternal","input_value":null,"level":"secondary","values":["AUTO","Enum","OneHotInternal","OneHotExplicit","Binary","Eigen","LabelEncoder","SortByResponse","EnumLimited"],"is_member_of_frames":[],"is_mutually_exclusive_with":[],"gridable":true},{"__meta":{"schema_version":3,"schema_name":"ModelParameterSchemaV3","schema_type":"Iced"},"name":"quiet_mode","label":"quiet_mode","help":"Enable quiet mode","required":false,"type":"boolean","default_value":true,"actual_value":true,"input_value":null,"level":"expert","values":[],"is_member_of_frames":[],"is_mutually_exclusive_with":[],"gridable":false},{"__meta":{"schema_version":3,"schema_name":"ModelParameterSchemaV3","schema_type":"Iced"},"name":"checkpoint","label":"checkpoint","help":"Model checkpoint to resume training with.","required":false,"type":"Key<Model>","default_value":null,"actual_value":null,"input_value":null,"level":"secondary","values":[],"is_member_of_frames":[],"is_mutually_exclusive_with":[],"gridable":false},{"__meta":{"schema_version":3,"schema_name":"ModelParameterSchemaV3","schema_type":"Iced"},"name":"export_checkpoints_dir","label":"export_checkpoints_dir","help":"Automatically export generated models to this directory.","required":false,"type":"string","default_value":null,"actual_value":null,"input_value":null,"level":"secondary","values":[],"is_member_of_frames":[],"is_mutually_exclusive_with":[],"gridable":false},{"__meta":{"schema_version":3,"schema_name":"ModelParameterSchemaV3","schema_type":"Iced"},"name":"custom_metric_func","label":"custom_metric_func","help":"Reference to custom evaluation function, format: `language:keyName=funcName`","required":false,"type":"string","default_value":null,"actual_value":null,"input_value":null,"level":"secondary","values":[],"is_member_of_frames":[],"is_mutually_exclusive_with":[],"gridable":false},{"__meta":{"schema_version":3,"schema_name":"ModelParameterSchemaV3","schema_type":"Iced"},"name":"ntrees","label":"ntrees","help":"(same as n_estimators) Number of trees.","required":false,"type":"int","default_value":50,"actual_value":10000,"input_value":null,"level":"critical","values":[],"is_member_of_frames":[],"is_mutually_exclusive_with":[],"gridable":true},{"__meta":{"schema_version":3,"schema_name":"ModelParameterSchemaV3","schema_type":"Iced"},"name":"max_depth","label":"max_depth","help":"Maximum tree depth (0 for unlimited).","required":false,"type":"int","default_value":6,"actual_value":15,"input_value":null,"level":"critical","values":[],"is_member_of_frames":[],"is_mutually_exclusive_with":[],"gridable":true},{"__meta":{"schema_version":3,"schema_name":"ModelParameterSchemaV3","schema_type":"Iced"},"name":"min_rows","label":"min_rows","help":"(same as min_child_weight) Fewest allowed (weighted) observations in a leaf.","required":false,"type":"double","default_value":1.0,"actual_value":10.0,"input_value":null,"level":"critical","values":[],"is_member_of_frames":[],"is_mutually_exclusive_with":[],"gridable":true},{"__meta":{"schema_version":3,"schema_name":"ModelParameterSchemaV3","schema_type":"Iced"},"name":"min_child_weight","label":"min_child_weight","help":"(same as min_rows) Fewest allowed (weighted) observations in a leaf.","required":false,"type":"double","default_value":1.0,"actual_value":10.0,"input_value":null,"level":"expert","values":[],"is_member_of_frames":[],"is_mutually_exclusive_with":[],"gridable":true},{"__meta":{"schema_version":3,"schema_name":"ModelParameterSchemaV3","schema_type":"Iced"},"name":"learn_rate","label":"learn_rate","help":"(same as eta) Learning rate (from 0.0 to 1.0)","required":false,"type":"double","default_value":0.3,"actual_value":0.3,"input_value":null,"level":"expert","values":[],"is_member_of_frames":[],"is_mutually_exclusive_with":[],"gridable":true},{"__meta":{"schema_version":3,"schema_name":"ModelParameterSchemaV3","schema_type":"Iced"},"name":"eta","label":"eta","help":"(same as learn_rate) Learning rate (from 0.0 to 1.0)","required":false,"type":"double","default_value":0.3,"actual_value":0.3,"input_value":null,"level":"critical","values":[],"is_member_of_frames":[],"is_mutually_exclusive_with":[],"gridable":true},{"__meta":{"schema_version":3,"schema_name":"ModelParameterSchemaV3","schema_type":"Iced"},"name":"sample_rate","label":"sample_rate","help":"(same as subsample) Row sample rate per tree (from 0.0 to 1.0)","required":false,"type":"double","default_value":1.0,"actual_value":0.6,"input_value":null,"level":"critical","values":[],"is_member_of_frames":[],"is_mutually_exclusive_with":[],"gridable":true},{"__meta":{"schema_version":3,"schema_name":"ModelParameterSchemaV3","schema_type":"Iced"},"name":"subsample","label":"subsample","help":"(same as sample_rate) Row sample rate per tree (from 0.0 to 1.0)","required":false,"type":"double","default_value":1.0,"actual_value":0.6,"input_value":null,"level":"expert","values":[],"is_member_of_frames":[],"is_mutually_exclusive_with":[],"gridable":true},{"__meta":{"schema_version":3,"schema_name":"ModelParameterSchemaV3","schema_type":"Iced"},"name":"col_sample_rate","label":"col_sample_rate","help":"(same as colsample_bylevel) Column sample rate (from 0.0 to 1.0)","required":false,"type":"double","default_value":1.0,"actual_value":0.8,"input_value":null,"level":"critical","values":[],"is_member_of_frames":[],"is_mutually_exclusive_with":[],"gridable":true},{"__meta":{"schema_version":3,"schema_name":"ModelParameterSchemaV3","schema_type":"Iced"},"name":"colsample_bylevel","label":"colsample_bylevel","help":"(same as col_sample_rate) Column sample rate (from 0.0 to 1.0)","required":false,"type":"double","default_value":1.0,"actual_value":0.8,"input_value":null,"level":"expert","values":[],"is_member_of_frames":[],"is_mutually_exclusive_with":[],"gridable":true},{"__meta":{"schema_version":3,"schema_name":"ModelParameterSchemaV3","schema_type":"Iced"},"name":"col_sample_rate_per_tree","label":"col_sample_rate_per_tree","help":"(same as colsample_bytree) Column sample rate per tree (from 0.0 to 1.0)","required":false,"type":"double","default_value":1.0,"actual_value":0.8,"input_value":null,"level":"secondary","values":[],"is_member_of_frames":[],"is_mutually_exclusive_with":[],"gridable":true},{"__meta":{"schema_version":3,"schema_name":"ModelParameterSchemaV3","schema_type":"Iced"},"name":"colsample_bytree","label":"colsample_bytree","help":"(same as col_sample_rate_per_tree) Column sample rate per tree (from 0.0 to 1.0)","required":false,"type":"double","default_value":1.0,"actual_value":0.8,"input_value":null,"level":"expert","values":[],"is_member_of_frames":[],"is_mutually_exclusive_with":[],"gridable":true},{"__meta":{"schema_version":3,"schema_name":"ModelParameterSchemaV3","schema_type":"Iced"},"name":"colsample_bynode","label":"colsample_bynode","help":"Column sample rate per tree node (from 0.0 to 1.0)","required":false,"type":"double","default_value":1.0,"actual_value":1.0,"input_value":null,"level":"secondary","values":[],"is_member_of_frames":[],"is_mutually_exclusive_with":[],"gridable":true},{"__meta":{"schema_version":3,"schema_name":"ModelParameterSchemaV3","schema_type":"Iced"},"name":"max_abs_leafnode_pred","label":"max_abs_leafnode_pred","help":"(same as max_delta_step) Maximum absolute value of a leaf node prediction","required":false,"type":"float","default_value":0.0,"actual_value":0.0,"input_value":null,"level":"expert","values":[],"is_member_of_frames":[],"is_mutually_exclusive_with":[],"gridable":true},{"__meta":{"schema_version":3,"schema_name":"ModelParameterSchemaV3","schema_type":"Iced"},"name":"max_delta_step","label":"max_delta_step","help":"(same as max_abs_leafnode_pred) Maximum absolute value of a leaf node prediction","required":false,"type":"float","default_value":0.0,"actual_value":0.0,"input_value":null,"level":"expert","values":[],"is_member_of_frames":[],"is_mutually_exclusive_with":[],"gridable":true},{"__meta":{"schema_version":3,"schema_name":"ModelParameterSchemaV3","schema_type":"Iced"},"name":"monotone_constraints","label":"monotone_constraints","help":"A mapping representing monotonic constraints. Use +1 to enforce an increasing constraint and -1 to specify a decreasing constraint.","required":false,"type":"KeyValue[]","default_value":null,"actual_value":null,"input_value":null,"level":"secondary","values":[],"is_member_of_frames":[],"is_mutually_exclusive_with":[],"gridable":false},{"__meta":{"schema_version":3,"schema_name":"ModelParameterSchemaV3","schema_type":"Iced"},"name":"interaction_constraints","label":"interaction_constraints","help":"A set of allowed column interactions.","required":false,"type":"string[][]","default_value":null,"actual_value":null,"input_value":null,"level":"expert","values":[],"is_member_of_frames":[],"is_mutually_exclusive_with":[],"gridable":false},{"__meta":{"schema_version":3,"schema_name":"ModelParameterSchemaV3","schema_type":"Iced"},"name":"score_tree_interval","label":"score_tree_interval","help":"Score the model after every so many trees. Disabled if set to 0.","required":false,"type":"int","default_value":0,"actual_value":5,"input_value":null,"level":"secondary","values":[],"is_member_of_frames":[],"is_mutually_exclusive_with":[],"gridable":false},{"__meta":{"schema_version":3,"schema_name":"ModelParameterSchemaV3","schema_type":"Iced"},"name":"min_split_improvement","label":"min_split_improvement","help":"(same as gamma) Minimum relative improvement in squared error reduction for a split to happen","required":false,"type":"float","default_value":0.0,"actual_value":0.0,"input_value":null,"level":"secondary","values":[],"is_member_of_frames":[],"is_mutually_exclusive_with":[],"gridable":true},{"__meta":{"schema_version":3,"schema_name":"ModelParameterSchemaV3","schema_type":"Iced"},"name":"gamma","label":"gamma","help":"(same as min_split_improvement) Minimum relative improvement in squared error reduction for a split to happen","required":false,"type":"float","default_value":0.0,"actual_value":0.0,"input_value":null,"level":"expert","values":[],"is_member_of_frames":[],"is_mutually_exclusive_with":[],"gridable":true},{"__meta":{"schema_version":3,"schema_name":"ModelParameterSchemaV3","schema_type":"Iced"},"name":"nthread","label":"nthread","help":"Number of parallel threads that can be used to run XGBoost. Cannot exceed H2O cluster limits (-nthreads parameter). Defaults to maximum available","required":false,"type":"int","default_value":-1,"actual_value":-1,"input_value":null,"level":"expert","values":[],"is_member_of_frames":[],"is_mutually_exclusive_with":[],"gridable":false},{"__meta":{"schema_version":3,"schema_name":"ModelParameterSchemaV3","schema_type":"Iced"},"name":"save_matrix_directory","label":"save_matrix_directory","help":"Directory where to save matrices passed to XGBoost library. Useful for debugging.","required":false,"type":"string","default_value":null,"actual_value":null,"input_value":null,"level":"expert","values":[],"is_member_of_frames":[],"is_mutually_exclusive_with":[],"gridable":false},{"__meta":{"schema_version":3,"schema_name":"ModelParameterSchemaV3","schema_type":"Iced"},"name":"build_tree_one_node","label":"build_tree_one_node","help":"Run on one node only; no network overhead but fewer cpus used. Suitable for small datasets.","required":false,"type":"boolean","default_value":false,"actual_value":false,"input_value":null,"level":"expert","values":[],"is_member_of_frames":[],"is_mutually_exclusive_with":[],"gridable":false},{"__meta":{"schema_version":3,"schema_name":"ModelParameterSchemaV3","schema_type":"Iced"},"name":"parallelize_cross_validation","label":"parallelize_cross_validation","help":"Allow parallel training of cross-validation models","required":false,"type":"boolean","default_value":true,"actual_value":true,"input_value":null,"level":"expert","values":[],"is_member_of_frames":[],"is_mutually_exclusive_with":[],"gridable":false},{"__meta":{"schema_version":3,"schema_name":"ModelParameterSchemaV3","schema_type":"Iced"},"name":"calibrate_model","label":"calibrate_model","help":"Use Platt Scaling (default) or Isotonic Regression to calculate calibrated class probabilities. Calibration can provide more accurate estimates of class probabilities.","required":false,"type":"boolean","default_value":false,"actual_value":false,"input_value":null,"level":"expert","values":[],"is_member_of_frames":[],"is_mutually_exclusive_with":[],"gridable":false},{"__meta":{"schema_version":3,"schema_name":"ModelParameterSchemaV3","schema_type":"Iced"},"name":"calibration_frame","label":"calibration_frame","help":"Data for model calibration","required":false,"type":"Key<Frame>","default_value":null,"actual_value":null,"input_value":null,"level":"expert","values":[],"is_member_of_frames":[],"is_mutually_exclusive_with":[],"gridable":false},{"__meta":{"schema_version":3,"schema_name":"ModelParameterSchemaV3","schema_type":"Iced"},"name":"calibration_method","label":"calibration_method","help":"Calibration method to use","required":false,"type":"enum","default_value":"AUTO","actual_value":"PlattScaling","input_value":null,"level":"expert","values":["AUTO","PlattScaling","IsotonicRegression"],"is_member_of_frames":[],"is_mutually_exclusive_with":[],"gridable":false},{"__meta":{"schema_version":3,"schema_name":"ModelParameterSchemaV3","schema_type":"Iced"},"name":"max_bins","label":"max_bins","help":"For tree_method=hist only: maximum number of bins","required":false,"type":"int","default_value":256,"actual_value":256,"input_value":null,"level":"expert","values":[],"is_member_of_frames":[],"is_mutually_exclusive_with":[],"gridable":true},{"__meta":{"schema_version":3,"schema_name":"ModelParameterSchemaV3","schema_type":"Iced"},"name":"max_leaves","label":"max_leaves","help":"For tree_method=hist only: maximum number of leaves","required":false,"type":"int","default_value":0,"actual_value":0,"input_value":null,"level":"secondary","values":[],"is_member_of_frames":[],"is_mutually_exclusive_with":[],"gridable":true},{"__meta":{"schema_version":3,"schema_name":"ModelParameterSchemaV3","schema_type":"Iced"},"name":"sample_type","label":"sample_type","help":"For booster=dart only: sample_type","required":false,"type":"enum","default_value":"uniform","actual_value":"uniform","input_value":null,"level":"expert","values":["uniform","weighted"],"is_member_of_frames":[],"is_mutually_exclusive_with":[],"gridable":true},{"__meta":{"schema_version":3,"schema_name":"ModelParameterSchemaV3","schema_type":"Iced"},"name":"normalize_type","label":"normalize_type","help":"For booster=dart only: normalize_type","required":false,"type":"enum","default_value":"tree","actual_value":"tree","input_value":null,"level":"expert","values":["tree","forest"],"is_member_of_frames":[],"is_mutually_exclusive_with":[],"gridable":true},{"__meta":{"schema_version":3,"schema_name":"ModelParameterSchemaV3","schema_type":"Iced"},"name":"rate_drop","label":"rate_drop","help":"For booster=dart only: rate_drop (0..1)","required":false,"type":"float","default_value":0.0,"actual_value":0.0,"input_value":null,"level":"expert","values":[],"is_member_of_frames":[],"is_mutually_exclusive_with":[],"gridable":true},{"__meta":{"schema_version":3,"schema_name":"ModelParameterSchemaV3","schema_type":"Iced"},"name":"one_drop","label":"one_drop","help":"For booster=dart only: one_drop","required":false,"type":"boolean","default_value":false,"actual_value":false,"input_value":null,"level":"expert","values":[],"is_member_of_frames":[],"is_mutually_exclusive_with":[],"gridable":true},{"__meta":{"schema_version":3,"schema_name":"ModelParameterSchemaV3","schema_type":"Iced"},"name":"skip_drop","label":"skip_drop","help":"For booster=dart only: skip_drop (0..1)","required":false,"type":"float","default_value":0.0,"actual_value":0.0,"input_value":null,"level":"expert","values":[],"is_member_of_frames":[],"is_mutually_exclusive_with":[],"gridable":true},{"__meta":{"schema_version":3,"schema_name":"ModelParameterSchemaV3","schema_type":"Iced"},"name":"tree_method","label":"tree_method","help":"Tree method","required":false,"type":"enum","default_value":"auto","actual_value":"exact","input_value":null,"level":"secondary","values":["auto","exact","approx","hist"],"is_member_of_frames":[],"is_mutually_exclusive_with":[],"gridable":true},{"__meta":{"schema_version":3,"schema_name":"ModelParameterSchemaV3","schema_type":"Iced"},"name":"grow_policy","label":"grow_policy","help":"Grow policy - depthwise is standard GBM, lossguide is LightGBM","required":false,"type":"enum","default_value":"depthwise","actual_value":"depthwise","input_value":null,"level":"secondary","values":["depthwise","lossguide"],"is_member_of_frames":[],"is_mutually_exclusive_with":[],"gridable":true},{"__meta":{"schema_version":3,"schema_name":"ModelParameterSchemaV3","schema_type":"Iced"},"name":"booster","label":"booster","help":"Booster type","required":false,"type":"enum","default_value":"gbtree","actual_value":"gbtree","input_value":null,"level":"expert","values":["gbtree","gblinear","dart"],"is_member_of_frames":[],"is_mutually_exclusive_with":[],"gridable":true},{"__meta":{"schema_version":3,"schema_name":"ModelParameterSchemaV3","schema_type":"Iced"},"name":"reg_lambda","label":"reg_lambda","help":"L2 regularization","required":false,"type":"float","default_value":1.0,"actual_value":1.0,"input_value":null,"level":"expert","values":[],"is_member_of_frames":[],"is_mutually_exclusive_with":[],"gridable":true},{"__meta":{"schema_version":3,"schema_name":"ModelParameterSchemaV3","schema_type":"Iced"},"name":"reg_alpha","label":"reg_alpha","help":"L1 regularization","required":false,"type":"float","default_value":0.0,"actual_value":0.0,"input_value":null,"level":"expert","values":[],"is_member_of_frames":[],"is_mutually_exclusive_with":[],"gridable":true},{"__meta":{"schema_version":3,"schema_name":"ModelParameterSchemaV3","schema_type":"Iced"},"name":"dmatrix_type","label":"dmatrix_type","help":"Type of DMatrix. For sparse, NAs and 0 are treated equally.","required":false,"type":"enum","default_value":"auto","actual_value":"dense","input_value":null,"level":"secondary","values":["auto","dense","sparse"],"is_member_of_frames":[],"is_mutually_exclusive_with":[],"gridable":true},{"__meta":{"schema_version":3,"schema_name":"ModelParameterSchemaV3","schema_type":"Iced"},"name":"backend","label":"backend","help":"Backend. By default (auto), a GPU is used if available.","required":false,"type":"enum","default_value":"auto","actual_value":"cpu","input_value":null,"level":"expert","values":["auto","gpu","cpu"],"is_member_of_frames":[],"is_mutually_exclusive_with":[],"gridable":true},{"__meta":{"schema_version":3,"schema_name":"ModelParameterSchemaV3","schema_type":"Iced"},"name":"gpu_id","label":"gpu_id","help":"Which GPU(s) to use. ","required":false,"type":"int[]","default_value":null,"actual_value":null,"input_value":null,"level":"expert","values":[],"is_member_of_frames":[],"is_mutually_exclusive_with":[],"gridable":false},{"__meta":{"schema_version":3,"schema_name":"ModelParameterSchemaV3","schema_type":"Iced"},"name":"gainslift_bins","label":"gainslift_bins","help":"Gains/Lift table number of bins. 0 means disabled.. Default value -1 means automatic binning.","required":false,"type":"int","default_value":-1,"actual_value":-1,"input_value":null,"level":"secondary","values":[],"is_member_of_frames":[],"is_mutually_exclusive_with":[],"gridable":false},{"__meta":{"schema_version":3,"schema_name":"ModelParameterSchemaV3","schema_type":"Iced"},"name":"auc_type","label":"auc_type","help":"Set default multinomial AUC type.","required":false,"type":"enum","default_value":"AUTO","actual_value":"AUTO","input_value":null,"level":"secondary","values":["AUTO","NONE","MACRO_OVR","WEIGHTED_OVR","MACRO_OVO","WEIGHTED_OVO"],"is_member_of_frames":[],"is_mutually_exclusive_with":[],"gridable":true},{"__meta":{"schema_version":3,"schema_name":"ModelParameterSchemaV3","schema_type":"Iced"},"name":"scale_pos_weight","label":"scale_pos_weight","help":"Controls the effect of observations with positive labels in relation to the observations with negative labels on gradient calculation. Useful for imbalanced problems.","required":false,"type":"float","default_value":1.0,"actual_value":1.0,"input_value":null,"level":"expert","values":[],"is_member_of_frames":[],"is_mutually_exclusive_with":[],"gridable":true},{"__meta":{"schema_version":3,"schema_name":"ModelParameterSchemaV3","schema_type":"Iced"},"name":"eval_metric","label":"eval_metric","help":"Specification of evaluation metric that will be passed to the native XGBoost backend.","required":false,"type":"string","default_value":null,"actual_value":null,"input_value":null,"level":"expert","values":[],"is_member_of_frames":[],"is_mutually_exclusive_with":[],"gridable":true},{"__meta":{"schema_version":3,"schema_name":"ModelParameterSchemaV3","schema_type":"Iced"},"name":"score_eval_metric_only","label":"score_eval_metric_only","help":"If enabled, score only the evaluation metric. This can make model training faster if scoring is frequent (eg. each iteration).","required":false,"type":"boolean","default_value":false,"actual_value":false,"input_value":null,"level":"expert","values":[],"is_member_of_frames":[],"is_mutually_exclusive_with":[],"gridable":true}],"output":{"__meta":{"schema_version":3,"schema_name":"XGBoostModelOutputV3","schema_type":"XGBoostOutput"},"names":["District_Name","Latitude","Longitude","Offence_From_Year","Offence_From_Month","Offence_From_Day","Offence_To_Year","Offence_To_Month","Offence_To_Day","Crime Category"],"original_names":null,"column_types":["Enum","Numeric","Numeric","Numeric","Numeric","Numeric","Numeric","Numeric","Numeric","Enum"],"domains":[["Bagalkot","Ballari","Belagavi City","Belagavi Dist","Bengaluru City","Bengaluru Dist","Bidar","Chamarajanagar","Chickballapura","Chitradurga","Hubballi Dharwad City","Kalaburagi","Kalaburagi City","Kodagu","Mysuru City","Uttara Kannada","Vijayanagara"],null,null,null,null,null,null,null,null,["Crimes Against Children","Crimes Against Public Servants","Crimes Against Women","Crimes by Public Servants","Domestic Violence","Drug Crimes","Hate Crimes","Human Trafficking","Negligence","Other Crimes","Property Crimes","Public Safety","Sexual Crimes","Traffic Incidents","Violent Crimes","Weapons Crimes"]],"cross_validation_models":null,"cross_validation_predictions":null,"cross_validation_holdout_predictions_frame_id":null,"cross_validation_fold_assignment_frame_id":null,"model_category":"Multinomial","model_summary":{"__meta":{"schema_version":3,"schema_name":"TwoDimTableV3","schema_type":"TwoDimTable"},"name":"Model Summary","description":"","columns":[{"__meta":{"schema_version":-1,"schema_name":"ColumnSpecsBase","schema_type":"Iced"},"name":"","type":"string","format":"%s","description":""},{"__meta":{"schema_version":-1,"schema_name":"ColumnSpecsBase","schema_type":"Iced"},"name":"number_of_trees","type":"long","format":"%d","description":"Number of Trees"}],"rowcount":1,"data":[[""],[40]]},"scoring_history":{"__meta":{"schema_version":3,"schema_name":"TwoDimTableV3","schema_type":"TwoDimTable"},"name":"Scoring History","description":"","columns":[{"__meta":{"schema_version":-1,"schema_name":"ColumnSpecsBase","schema_type":"Iced"},"name":"","type":"string","format":"%s","description":""},{"__meta":{"schema_version":-1,"schema_name":"ColumnSpecsBase","schema_type":"Iced"},"name":"timestamp","type":"string","format":"%s","description":"Timestamp"},{"__meta":{"schema_version":-1,"schema_name":"ColumnSpecsBase","schema_type":"Iced"},"name":"duration","type":"string","format":"%s","description":"Duration"},{"__meta":{"schema_version":-1,"schema_name":"ColumnSpecsBase","schema_type":"Iced"},"name":"number_of_trees","type":"long","format":"%d","description":"Number of Trees"},{"__meta":{"schema_version":-1,"schema_name":"ColumnSpecsBase","schema_type":"Iced"},"name":"training_rmse","type":"double","format":"%.5f","description":"Training RMSE"},{"__meta":{"schema_version":-1,"schema_name":"ColumnSpecsBase","schema_type":"Iced"},"name":"training_logloss","type":"double","format":"%.5f","description":"Training LogLoss"},{"__meta":{"schema_version":-1,"schema_name":"ColumnSpecsBase","schema_type":"Iced"},"name":"training_classification_error","type":"double","format":"%.5f","description":"Training Classification Error"},{"__meta":{"schema_version":-1,"schema_name":"ColumnSpecsBase","schema_type":"Iced"},"name":"training_auc","type":"double","format":"%.5f","description":"Training AUC"},{"__meta":{"schema_version":-1,"schema_name":"ColumnSpecsBase","schema_type":"Iced"},"name":"training_pr_auc","type":"double","format":"%.5f","description":"Training pr_auc"},{"__meta":{"schema_version":-1,"schema_name":"ColumnSpecsBase","schema_type":"Iced"},"name":"validation_rmse","type":"double","format":"%.5f","description":"Validation RMSE"},{"__meta":{"schema_version":-1,"schema_name":"ColumnSpecsBase","schema_type":"Iced"},"name":"validation_logloss","type":"double","format":"%.5f","description":"Validation LogLoss"},{"__meta":{"schema_version":-1,"schema_name":"ColumnSpecsBase","schema_type":"Iced"},"name":"validation_classification_error","type":"double","format":"%.5f","description":"Validation Classification Error"},{"__meta":{"schema_version":-1,"schema_name":"ColumnSpecsBase","schema_type":"Iced"},"name":"validation_auc","type":"double","format":"%.5f","description":"Validation AUC"},{"__meta":{"schema_version":-1,"schema_name":"ColumnSpecsBase","schema_type":"Iced"},"name":"validation_pr_auc","type":"double","format":"%.5f","description":"Validation pr_auc"}],"rowcount":9,"data":[["","","","","","","","",""],["2024-03-23 00:24:16","2024-03-23 00:24:44","2024-03-23 00:25:11","2024-03-23 00:25:39","2024-03-23 00:26:09","2024-03-23 00:26:42","2024-03-23 00:27:16","2024-03-23 00:27:54","2024-03-23 00:28:38"],[" 0.014 sec","28.937 sec","55.952 sec"," 1 min 23.459 sec"," 1 min 53.103 sec"," 2 min 26.065 sec"," 3 min  0.020 sec"," 3 min 38.928 sec"," 4 min 22.058 sec"],[0,5,10,15,20,25,30,35,40],[0.9375,0.8107600663359077,0.7573915255102306,0.7271174729218526,0.7074322642718105,0.690905558176928,0.6777360290527448,0.6654672533215574,0.6547744018016373],[2.7725887222390853,1.9004453711795237,1.6404226826453028,1.5037010385690337,1.4179125472168697,1.347104327694319,1.2920436388870575,1.2422186768362045,1.1999028010284565],[0.9241895624364006,0.5426037837725584,0.4931156937262476,0.46131082175565385,0.4379893256910265,0.4153946794592237,0.39588395323240505,0.3787199136087056,0.36324839573858325],["NaN","NaN","NaN","NaN","NaN","NaN","NaN","NaN","NaN"],["NaN","NaN","NaN","NaN","NaN","NaN","NaN","NaN","NaN"],[0.9375,0.8220800838051383,0.7802583649127081,0.7597629466187018,0.748562044494001,0.740917865371356,0.7356250096306971,0.7313376488156695,0.7278581187963736],[2.7725887222398558,1.9989188622156613,1.8104068711306718,1.7277880615237953,1.6872625903999592,1.6626096695616661,1.646690793441398,1.6354533206638078,1.6269581016656902],[0.920899432397031,0.5868869160238684,0.5609809343618105,0.5509387279871926,0.540750982389754,0.5394411293843691,0.5355115703682143,0.5336195604715471,0.5284529180614176],["NaN","NaN","NaN","NaN","NaN","NaN","NaN","NaN","NaN"],["NaN","NaN","NaN","NaN","NaN","NaN","NaN","NaN","NaN"]]},"cv_scoring_history":null,"reproducibility_information_table":[{"__meta":{"schema_version":3,"schema_name":"TwoDimTableV3","schema_type":"TwoDimTable"},"name":"Node Information","description":"","columns":[{"__meta":{"schema_version":-1,"schema_name":"ColumnSpecsBase","schema_type":"Iced"},"name":"","type":"string","format":"%s","description":""},{"__meta":{"schema_version":-1,"schema_name":"ColumnSpecsBase","schema_type":"Iced"},"name":"node","type":"int","format":"%d","description":"node"},{"__meta":{"schema_version":-1,"schema_name":"ColumnSpecsBase","schema_type":"Iced"},"name":"h2o","type":"string","format":"%s","description":"h2o"},{"__meta":{"schema_version":-1,"schema_name":"ColumnSpecsBase","schema_type":"Iced"},"name":"healthy","type":"string","format":"%s","description":"healthy"},{"__meta":{"schema_version":-1,"schema_name":"ColumnSpecsBase","schema_type":"Iced"},"name":"last_ping","type":"string","format":"%s","description":"last_ping"},{"__meta":{"schema_version":-1,"schema_name":"ColumnSpecsBase","schema_type":"Iced"},"name":"num_cpus","type":"int","format":"%d","description":"num_cpus"},{"__meta":{"schema_version":-1,"schema_name":"ColumnSpecsBase","schema_type":"Iced"},"name":"sys_load","type":"double","format":"%.5f","description":"sys_load"},{"__meta":{"schema_version":-1,"schema_name":"ColumnSpecsBase","schema_type":"Iced"},"name":"mem_value_size","type":"long","format":"%d","description":"mem_value_size"},{"__meta":{"schema_version":-1,"schema_name":"ColumnSpecsBase","schema_type":"Iced"},"name":"free_mem","type":"long","format":"%d","description":"free_mem"},{"__meta":{"schema_version":-1,"schema_name":"ColumnSpecsBase","schema_type":"Iced"},"name":"pojo_mem","type":"long","format":"%d","description":"pojo_mem"},{"__meta":{"schema_version":-1,"schema_name":"ColumnSpecsBase","schema_type":"Iced"},"name":"swap_mem","type":"long","format":"%d","description":"swap_mem"},{"__meta":{"schema_version":-1,"schema_name":"ColumnSpecsBase","schema_type":"Iced"},"name":"free_disc","type":"long","format":"%d","description":"free_disc"},{"__meta":{"schema_version":-1,"schema_name":"ColumnSpecsBase","schema_type":"Iced"},"name":"max_disc","type":"long","format":"%d","description":"max_disc"},{"__meta":{"schema_version":-1,"schema_name":"ColumnSpecsBase","schema_type":"Iced"},"name":"pid","type":"int","format":"%d","description":"pid"},{"__meta":{"schema_version":-1,"schema_name":"ColumnSpecsBase","schema_type":"Iced"},"name":"num_keys","type":"int","format":"%d","description":"num_keys"},{"__meta":{"schema_version":-1,"schema_name":"ColumnSpecsBase","schema_type":"Iced"},"name":"tcps_active","type":"string","format":"%s","description":"tcps_active"},{"__meta":{"schema_version":-1,"schema_name":"ColumnSpecsBase","schema_type":"Iced"},"name":"open_fds","type":"int","format":"%d","description":"open_fds"},{"__meta":{"schema_version":-1,"schema_name":"ColumnSpecsBase","schema_type":"Iced"},"name":"rpcs_active","type":"string","format":"%s","description":"rpcs_active"},{"__meta":{"schema_version":-1,"schema_name":"ColumnSpecsBase","schema_type":"Iced"},"name":"nthreads","type":"int","format":"%d","description":"nthreads"},{"__meta":{"schema_version":-1,"schema_name":"ColumnSpecsBase","schema_type":"Iced"},"name":"is_leader","type":"string","format":"%s","description":"is_leader"},{"__meta":{"schema_version":-1,"schema_name":"ColumnSpecsBase","schema_type":"Iced"},"name":"total_mem","type":"long","format":"%d","description":"total_mem"},{"__meta":{"schema_version":-1,"schema_name":"ColumnSpecsBase","schema_type":"Iced"},"name":"max_mem","type":"long","format":"%d","description":"max_mem"},{"__meta":{"schema_version":-1,"schema_name":"ColumnSpecsBase","schema_type":"Iced"},"name":"java_version","type":"string","format":"%s","description":"java_version"},{"__meta":{"schema_version":-1,"schema_name":"ColumnSpecsBase","schema_type":"Iced"},"name":"jvm_launch_parameters","type":"string","format":"%s","description":"jvm_launch_parameters"},{"__meta":{"schema_version":-1,"schema_name":"ColumnSpecsBase","schema_type":"Iced"},"name":"os_version","type":"string","format":"%s","description":"os_version"},{"__meta":{"schema_version":-1,"schema_name":"ColumnSpecsBase","schema_type":"Iced"},"name":"machine_physical_mem","type":"long","format":"%d","description":"machine_physical_mem"},{"__meta":{"schema_version":-1,"schema_name":"ColumnSpecsBase","schema_type":"Iced"},"name":"machine_locale","type":"string","format":"%s","description":"machine_locale"}],"rowcount":1,"data":[[""],[0],["127.0.0.1:54321"],["true"],["1711153455799"],[2],[2.0200195],[63692858],[3252005528],[87979310],[0],[87805657088],[115657932800],[2165],[843],["\u0000"],[26],["\u0000"],[2],["true"],[545259520],[3403677696],["Java 11.0.22 (from Ubuntu)"],["[-ea]"],["Linux 6.1.58+ (amd64)"],[13609451520],["en_US"]]},{"__meta":{"schema_version":3,"schema_name":"TwoDimTableV3","schema_type":"TwoDimTable"},"name":"Cluster Configuration","description":"","columns":[{"__meta":{"schema_version":-1,"schema_name":"ColumnSpecsBase","schema_type":"Iced"},"name":"","type":"string","format":"%s","description":""},{"__meta":{"schema_version":-1,"schema_name":"ColumnSpecsBase","schema_type":"Iced"},"name":"h2o_cluster_uptime","type":"long","format":"%d","description":"H2O cluster uptime"},{"__meta":{"schema_version":-1,"schema_name":"ColumnSpecsBase","schema_type":"Iced"},"name":"h2o_cluster_timezone","type":"string","format":"%s","description":"H2O cluster timezone"},{"__meta":{"schema_version":-1,"schema_name":"ColumnSpecsBase","schema_type":"Iced"},"name":"h2o_data_parsing_timezone","type":"string","format":"%s","description":"H2O data parsing timezone"},{"__meta":{"schema_version":-1,"schema_name":"ColumnSpecsBase","schema_type":"Iced"},"name":"h2o_cluster_version","type":"string","format":"%s","description":"H2O cluster version"},{"__meta":{"schema_version":-1,"schema_name":"ColumnSpecsBase","schema_type":"Iced"},"name":"h2o_cluster_version_age","type":"string","format":"%s","description":"H2O cluster version age"},{"__meta":{"schema_version":-1,"schema_name":"ColumnSpecsBase","schema_type":"Iced"},"name":"h2o_cluster_name","type":"string","format":"%s","description":"H2O cluster name"},{"__meta":{"schema_version":-1,"schema_name":"ColumnSpecsBase","schema_type":"Iced"},"name":"h2o_cluster_total_nodes","type":"int","format":"%d","description":"H2O cluster total nodes"},{"__meta":{"schema_version":-1,"schema_name":"ColumnSpecsBase","schema_type":"Iced"},"name":"h2o_cluster_free_memory","type":"long","format":"%d","description":"H2O cluster free memory"},{"__meta":{"schema_version":-1,"schema_name":"ColumnSpecsBase","schema_type":"Iced"},"name":"h2o_cluster_total_cores","type":"int","format":"%d","description":"H2O cluster total cores"},{"__meta":{"schema_version":-1,"schema_name":"ColumnSpecsBase","schema_type":"Iced"},"name":"h2o_cluster_allowed_cores","type":"int","format":"%d","description":"H2O cluster allowed cores"},{"__meta":{"schema_version":-1,"schema_name":"ColumnSpecsBase","schema_type":"Iced"},"name":"h2o_cluster_status","type":"string","format":"%s","description":"H2O cluster status"},{"__meta":{"schema_version":-1,"schema_name":"ColumnSpecsBase","schema_type":"Iced"},"name":"h2o_internal_security","type":"string","format":"%s","description":"H2O internal security"},{"__meta":{"schema_version":-1,"schema_name":"ColumnSpecsBase","schema_type":"Iced"},"name":"h2o_api_extensions","type":"string","format":"%s","description":"H2O API Extensions"}],"rowcount":1,"data":[[""],[1864809],["Etc/UTC"],["UTC"],["3.46.0.1"],["9 days"],["H2O_from_python_unknownUser_e0dlme"],[1],[3252005528],[2],[2],["locked, healthly"],["false"],["Mojo 2 pipeline extensions, XGBoost, Amazon S3, Algos, Infogram, AutoML, Core V3, TargetEncoder, Core V4"]]},{"__meta":{"schema_version":3,"schema_name":"TwoDimTableV3","schema_type":"TwoDimTable"},"name":"Input Frames Information","description":"","columns":[{"__meta":{"schema_version":-1,"schema_name":"ColumnSpecsBase","schema_type":"Iced"},"name":"","type":"string","format":"%s","description":""},{"__meta":{"schema_version":-1,"schema_name":"ColumnSpecsBase","schema_type":"Iced"},"name":"input_frame","type":"string","format":"%s","description":"Input Frame"},{"__meta":{"schema_version":-1,"schema_name":"ColumnSpecsBase","schema_type":"Iced"},"name":"checksum","type":"long","format":"%d","description":"Checksum"},{"__meta":{"schema_version":-1,"schema_name":"ColumnSpecsBase","schema_type":"Iced"},"name":"espc","type":"string","format":"%d","description":"ESPC"}],"rowcount":3,"data":[["","",""],["training_frame","validation_frame","calibration_frame"],[-2857794593640017644,3435727314400711915,-1],["[0, 27493, 58032, 87864, 96306]","[0, 3913, 8297, 12568, 13742]","-1"]]}],"training_metrics":{"__meta":{"schema_version":3,"schema_name":"ModelMetricsMultinomialV3","schema_type":"ModelMetricsMultinomial"},"model":{"__meta":{"schema_version":3,"schema_name":"ModelKeyV3","schema_type":"Key<Model>"},"name":"XGBoost_1_AutoML_3_20240323_02415","type":"Key<Model>","URL":"/3/Models/XGBoost_1_AutoML_3_20240323_02415"},"model_checksum":-1958256318572215076,"frame":{"__meta":{"schema_version":3,"schema_name":"FrameKeyV3","schema_type":"Key<Frame>"},"name":"AutoML_3_20240323_02415_training_py_17_sid_8646","type":"Key<Frame>","URL":"/3/Frames/AutoML_3_20240323_02415_training_py_17_sid_8646"},"frame_checksum":-2857794593640017644,"description":null,"model_category":"Multinomial","scoring_time":1711153736850,"predictions":null,"MSE":0.4287295172546919,"RMSE":0.6547744018016373,"nobs":96306,"custom_metric_name":null,"custom_metric_value":0.0,"r2":0.9780175694386217,"hit_ratio_table":{"__meta":{"schema_version":3,"schema_name":"TwoDimTableV3","schema_type":"TwoDimTable"},"name":"Top-10 Hit Ratios","description":"","columns":[{"__meta":{"schema_version":-1,"schema_name":"ColumnSpecsBase","schema_type":"Iced"},"name":"k","type":"string","format":"%s","description":"K"},{"__meta":{"schema_version":-1,"schema_name":"ColumnSpecsBase","schema_type":"Iced"},"name":"hit_ratio","type":"float","format":"%f","description":"Hit Ratio"}],"rowcount":10,"data":[["1","2","3","4","5","6","7","8","9","10"],[0.6367516,0.7845305,0.86224115,0.90920603,0.94027364,0.96136266,0.97567123,0.98563945,0.99186957,0.9961372]]},"cm":{"__meta":{"schema_version":3,"schema_name":"ConfusionMatrixV3","schema_type":"ConfusionMatrix"},"table":{"__meta":{"schema_version":3,"schema_name":"TwoDimTableV3","schema_type":"TwoDimTable"},"name":"Confusion Matrix","description":"Row labels: Actual class; Column labels: Predicted class","columns":[{"__meta":{"schema_version":-1,"schema_name":"ColumnSpecsBase","schema_type":"Iced"},"name":"Crimes Against Children","type":"long","format":"%d","description":"Crimes Against Children"},{"__meta":{"schema_version":-1,"schema_name":"ColumnSpecsBase","schema_type":"Iced"},"name":"Crimes Against Public Servants","type":"long","format":"%d","description":"Crimes Against Public Servants"},{"__meta":{"schema_version":-1,"schema_name":"ColumnSpecsBase","schema_type":"Iced"},"name":"Crimes Against Women","type":"long","format":"%d","description":"Crimes Against Women"},{"__meta":{"schema_version":-1,"schema_name":"ColumnSpecsBase","schema_type":"Iced"},"name":"Crimes by Public Servants","type":"long","format":"%d","description":"Crimes by Public Servants"},{"__meta":{"schema_version":-1,"schema_name":"ColumnSpecsBase","schema_type":"Iced"},"name":"Domestic Violence","type":"long","format":"%d","description":"Domestic Violence"},{"__meta":{"schema_version":-1,"schema_name":"ColumnSpecsBase","schema_type":"Iced"},"name":"Drug Crimes","type":"long","format":"%d","description":"Drug Crimes"},{"__meta":{"schema_version":-1,"schema_name":"ColumnSpecsBase","schema_type":"Iced"},"name":"Hate Crimes","type":"long","format":"%d","description":"Hate Crimes"},{"__meta":{"schema_version":-1,"schema_name":"ColumnSpecsBase","schema_type":"Iced"},"name":"Human Trafficking","type":"long","format":"%d","description":"Human Trafficking"},{"__meta":{"schema_version":-1,"schema_name":"ColumnSpecsBase","schema_type":"Iced"},"name":"Negligence","type":"long","format":"%d","description":"Negligence"},{"__meta":{"schema_version":-1,"schema_name":"ColumnSpecsBase","schema_type":"Iced"},"name":"Other Crimes","type":"long","format":"%d","description":"Other Crimes"},{"__meta":{"schema_version":-1,"schema_name":"ColumnSpecsBase","schema_type":"Iced"},"name":"Property Crimes","type":"long","format":"%d","description":"Property Crimes"},{"__meta":{"schema_version":-1,"schema_name":"ColumnSpecsBase","schema_type":"Iced"},"name":"Public Safety","type":"long","format":"%d","description":"Public Safety"},{"__meta":{"schema_version":-1,"schema_name":"ColumnSpecsBase","schema_type":"Iced"},"name":"Sexual Crimes","type":"long","format":"%d","description":"Sexual Crimes"},{"__meta":{"schema_version":-1,"schema_name":"ColumnSpecsBase","schema_type":"Iced"},"name":"Traffic Incidents","type":"long","format":"%d","description":"Traffic Incidents"},{"__meta":{"schema_version":-1,"schema_name":"ColumnSpecsBase","schema_type":"Iced"},"name":"Violent Crimes","type":"long","format":"%d","description":"Violent Crimes"},{"__meta":{"schema_version":-1,"schema_name":"ColumnSpecsBase","schema_type":"Iced"},"name":"Weapons Crimes","type":"long","format":"%d","description":"Weapons Crimes"},{"__meta":{"schema_version":-1,"schema_name":"ColumnSpecsBase","schema_type":"Iced"},"name":"Error","type":"double","format":"%.4f","description":"Error"},{"__meta":{"schema_version":-1,"schema_name":"ColumnSpecsBase","schema_type":"Iced"},"name":"Rate","type":"string","format":"= %15s","description":"Rate"}],"rowcount":17,"data":[[1626,47,62,0,98,34,0,0,64,102,120,133,165,83,132,8,2674],[115,2491,23,0,69,70,0,0,91,165,141,179,176,96,212,14,3842],[124,14,3813,0,458,2,0,0,10,70,249,33,210,0,56,3,5042],[5,8,2,4739,2,7,0,0,3,11,9,11,10,1,14,0,4822],[95,16,208,0,2412,14,0,0,20,69,163,39,143,43,77,0,3299],[392,317,51,0,139,5792,0,0,376,364,715,733,690,171,795,99,10634],[25,34,5,0,12,42,4663,0,27,57,45,46,57,18,48,2,5081],[4,0,1,0,0,1,0,4712,2,0,0,2,2,0,1,4,4729],[105,106,31,0,42,91,0,0,4751,118,191,497,142,530,181,13,6798],[450,375,101,0,339,180,0,0,284,4713,404,513,720,699,761,39,9578],[373,199,155,0,191,184,0,0,241,273,3744,567,526,83,557,22,7115],[310,190,69,0,162,191,0,0,298,270,429,2953,417,280,500,28,6097],[331,196,86,0,205,169,0,0,190,342,301,383,2933,282,462,34,5914],[295,210,60,0,253,143,0,0,525,378,283,597,421,4690,498,50,8403],[367,281,92,0,231,258,0,0,299,358,444,495,533,232,3002,41,6633],[99,96,15,0,35,208,0,0,85,130,128,151,156,66,187,4289,5645],[0.6552162849872774,0.4561135371179039,0.2012987012987013,0.0,0.4810671256454389,0.21581370159761712,0.0,0.0,0.3461326727222681,0.3648247978436658,0.4917187075753462,0.5972449536279324,0.5982742090124641,0.35523783337915865,0.59882400106909,0.07684029272492467,0.36324839573858325],["3,090 / 4,716","2,089 / 4,580","961 / 4,774","0 / 4,739","2,236 / 4,648","1,594 / 7,386","0 / 4,663","0 / 4,712","2,515 / 7,266","2,707 / 7,420","3,622 / 7,366","4,379 / 7,332","4,368 / 7,301","2,584 / 7,274","4,481 / 7,483","357 / 4,646","34,983 / 96,306"]]}},"logloss":1.1999028010284565,"loglikelihood":"NaN","AIC":"NaN","mean_per_class_error":0.33991292616261176,"AUC":"NaN","pr_auc":"NaN","multinomial_auc_table":null,"multinomial_aucpr_table":null},"validation_metrics":{"__meta":{"schema_version":3,"schema_name":"ModelMetricsMultinomialV3","schema_type":"ModelMetricsMultinomial"},"model":{"__meta":{"schema_version":3,"schema_name":"ModelKeyV3","schema_type":"Key<Model>"},"name":"XGBoost_1_AutoML_3_20240323_02415","type":"Key<Model>","URL":"/3/Models/XGBoost_1_AutoML_3_20240323_02415"},"model_checksum":-1958256318572215076,"frame":{"__meta":{"schema_version":3,"schema_name":"FrameKeyV3","schema_type":"Key<Frame>"},"name":"AutoML_3_20240323_02415_validation_py_17_sid_8646","type":"Key<Frame>","URL":"/3/Frames/AutoML_3_20240323_02415_validation_py_17_sid_8646"},"frame_checksum":3435727314400711915,"description":null,"model_category":"Multinomial","scoring_time":1711153739315,"predictions":null,"MSE":0.5297774410977959,"RMSE":0.7278581187963736,"nobs":13742,"custom_metric_name":null,"custom_metric_value":0.0,"r2":0.9729527250346763,"hit_ratio_table":{"__meta":{"schema_version":3,"schema_name":"TwoDimTableV3","schema_type":"TwoDimTable"},"name":"Top-10 Hit Ratios","description":"","columns":[{"__meta":{"schema_version":-1,"schema_name":"ColumnSpecsBase","schema_type":"Iced"},"name":"k","type":"string","format":"%s","description":"K"},{"__meta":{"schema_version":-1,"schema_name":"ColumnSpecsBase","schema_type":"Iced"},"name":"hit_ratio","type":"float","format":"%f","description":"Hit Ratio"}],"rowcount":10,"data":[["1","2","3","4","5","6","7","8","9","10"],[0.47154707,0.596638,0.69116575,0.75913256,0.81727546,0.8640663,0.90328914,0.93472564,0.9580119,0.9743123]]},"cm":{"__meta":{"schema_version":3,"schema_name":"ConfusionMatrixV3","schema_type":"ConfusionMatrix"},"table":{"__meta":{"schema_version":3,"schema_name":"TwoDimTableV3","schema_type":"TwoDimTable"},"name":"Confusion Matrix","description":"Row labels: Actual class; Column labels: Predicted class","columns":[{"__meta":{"schema_version":-1,"schema_name":"ColumnSpecsBase","schema_type":"Iced"},"name":"Crimes Against Children","type":"long","format":"%d","description":"Crimes Against Children"},{"__meta":{"schema_version":-1,"schema_name":"ColumnSpecsBase","schema_type":"Iced"},"name":"Crimes Against Public Servants","type":"long","format":"%d","description":"Crimes Against Public Servants"},{"__meta":{"schema_version":-1,"schema_name":"ColumnSpecsBase","schema_type":"Iced"},"name":"Crimes Against Women","type":"long","format":"%d","description":"Crimes Against Women"},{"__meta":{"schema_version":-1,"schema_name":"ColumnSpecsBase","schema_type":"Iced"},"name":"Crimes by Public Servants","type":"long","format":"%d","description":"Crimes by Public Servants"},{"__meta":{"schema_version":-1,"schema_name":"ColumnSpecsBase","schema_type":"Iced"},"name":"Domestic Violence","type":"long","format":"%d","description":"Domestic Violence"},{"__meta":{"schema_version":-1,"schema_name":"ColumnSpecsBase","schema_type":"Iced"},"name":"Drug Crimes","type":"long","format":"%d","description":"Drug Crimes"},{"__meta":{"schema_version":-1,"schema_name":"ColumnSpecsBase","schema_type":"Iced"},"name":"Hate Crimes","type":"long","format":"%d","description":"Hate Crimes"},{"__meta":{"schema_version":-1,"schema_name":"ColumnSpecsBase","schema_type":"Iced"},"name":"Human Trafficking","type":"long","format":"%d","description":"Human Trafficking"},{"__meta":{"schema_version":-1,"schema_name":"ColumnSpecsBase","schema_type":"Iced"},"name":"Negligence","type":"long","format":"%d","description":"Negligence"},{"__meta":{"schema_version":-1,"schema_name":"ColumnSpecsBase","schema_type":"Iced"},"name":"Other Crimes","type":"long","format":"%d","description":"Other Crimes"},{"__meta":{"schema_version":-1,"schema_name":"ColumnSpecsBase","schema_type":"Iced"},"name":"Property Crimes","type":"long","format":"%d","description":"Property Crimes"},{"__meta":{"schema_version":-1,"schema_name":"ColumnSpecsBase","schema_type":"Iced"},"name":"Public Safety","type":"long","format":"%d","description":"Public Safety"},{"__meta":{"schema_version":-1,"schema_name":"ColumnSpecsBase","schema_type":"Iced"},"name":"Sexual Crimes","type":"long","format":"%d","description":"Sexual Crimes"},{"__meta":{"schema_version":-1,"schema_name":"ColumnSpecsBase","schema_type":"Iced"},"name":"Traffic Incidents","type":"long","format":"%d","description":"Traffic Incidents"},{"__meta":{"schema_version":-1,"schema_name":"ColumnSpecsBase","schema_type":"Iced"},"name":"Violent Crimes","type":"long","format":"%d","description":"Violent Crimes"},{"__meta":{"schema_version":-1,"schema_name":"ColumnSpecsBase","schema_type":"Iced"},"name":"Weapons Crimes","type":"long","format":"%d","description":"Weapons Crimes"},{"__meta":{"schema_version":-1,"schema_name":"ColumnSpecsBase","schema_type":"Iced"},"name":"Error","type":"double","format":"%.4f","description":"Error"},{"__meta":{"schema_version":-1,"schema_name":"ColumnSpecsBase","schema_type":"Iced"},"name":"Rate","type":"string","format":"= %14s","description":"Rate"}],"rowcount":17,"data":[[85,5,17,0,31,7,0,0,11,24,38,21,33,12,28,3,315],[15,201,4,0,11,12,0,0,10,46,37,38,39,27,49,4,493],[30,2,406,0,137,1,0,0,3,14,62,4,40,0,8,2,709],[0,2,1,677,0,0,0,0,0,1,3,1,0,1,2,0,688],[17,4,78,0,183,1,0,0,4,5,47,4,25,10,11,0,389],[61,66,7,0,15,699,0,0,55,43,133,150,121,34,126,27,1537],[10,4,2,0,2,2,686,0,5,12,13,8,8,3,15,1,771],[0,0,0,0,0,0,0,679,0,0,0,0,1,0,0,1,681],[13,22,8,0,6,11,0,0,637,11,48,103,28,101,41,1,1030],[82,107,25,0,62,32,0,0,42,388,76,82,170,167,147,10,1390],[72,44,36,0,44,44,0,0,46,58,249,121,113,27,125,10,989],[49,47,9,0,28,61,0,0,65,57,118,170,87,52,115,5,863],[84,59,27,0,37,31,0,0,39,79,63,90,173,69,76,14,841],[57,45,4,0,39,21,0,0,111,100,47,117,105,467,99,13,1225],[69,64,19,0,43,65,0,0,47,89,90,115,108,57,174,13,953],[9,23,3,0,3,50,0,0,22,25,23,24,36,18,26,606,868],[0.8698315467075038,0.7107913669064748,0.3715170278637771,0.0,0.7145085803432137,0.32594021215043395,0.0,0.0,0.4193254329990884,0.592436974789916,0.7621776504297995,0.8377862595419847,0.8408463661453542,0.55311004784689,0.8330134357005758,0.14647887323943662,0.5284529180614176],["568 / 653","494 / 695","240 / 646","0 / 677","458 / 641","338 / 1,037","0 / 686","0 / 679","460 / 1,097","564 / 952","798 / 1,047","878 / 1,048","914 / 1,087","578 / 1,045","868 / 1,042","104 / 710","7,262 / 13,742"]]}},"logloss":1.6269581016656902,"loglikelihood":"NaN","AIC":"NaN","mean_per_class_error":0.498610235916528,"AUC":"NaN","pr_auc":"NaN","multinomial_auc_table":null,"multinomial_aucpr_table":null},"cross_validation_metrics":null,"cross_validation_metrics_summary":null,"status":null,"start_time":1711153456051,"end_time":1711153757276,"run_time":301225,"default_threshold":0.5,"help":{"domains":"Domains for categorical columns", "__meta":"Metadata on this schema instance, to make it self-describing.", "help":"Help information for output fields", "training_metrics":"Training data model metrics", "cross_validation_models":"Cross-validation models (model ids)", "cross_validation_predictions":"Cross-validation predictions, one per cv model (deprecated, use cross_validation_holdout_predictions_frame_id instead)", "cross_validation_metrics_summary":"Cross-validation model metrics summary", "variable_importances_frequency":"Variable Importances - Frequency", "status":"Job status", "reproducibility_information_table":"Model reproducibility information", "variable_importances":"Variable Importances", "model_summary":"Model summary", "variable_importances_cover":"Variable Importances - Cover", "end_time":"End time in milliseconds", "names":"Column names", "cross_validation_fold_assignment_frame_id":"Cross-validation fold assignment (each row is assigned to one holdout fold)", "sparse":"Sparse", "run_time":"Runtime in milliseconds", "default_threshold":"Default threshold used for predictions", "scoring_history":"Scoring history", "cross_validation_holdout_predictions_frame_id":"Cross-validation holdout predictions (full out-of-sample predictions on training data)", "model_category":"Category of the model (e.g., Binomial)", "native_parameters":"XGBoost Native Parameters", "column_types":"Column types", "original_names":"Original column names", "start_time":"Start time in milliseconds", "cv_scoring_history":"Cross-Validation scoring history", "cross_validation_metrics":"Cross-validation model metrics", "validation_metrics":"Validation data model metrics"},"variable_importances":{"__meta":{"schema_version":3,"schema_name":"TwoDimTableV3","schema_type":"TwoDimTable"},"name":"Variable Importances","description":"","columns":[{"__meta":{"schema_version":-1,"schema_name":"ColumnSpecsBase","schema_type":"Iced"},"name":"variable","type":"string","format":"%s","description":"Variable"},{"__meta":{"schema_version":-1,"schema_name":"ColumnSpecsBase","schema_type":"Iced"},"name":"relative_importance","type":"double","format":"%5f","description":"Relative Importance"},{"__meta":{"schema_version":-1,"schema_name":"ColumnSpecsBase","schema_type":"Iced"},"name":"scaled_importance","type":"double","format":"%5f","description":"Scaled Importance"},{"__meta":{"schema_version":-1,"schema_name":"ColumnSpecsBase","schema_type":"Iced"},"name":"percentage","type":"double","format":"%5f","description":"Percentage"}],"rowcount":25,"data":[["Latitude","Longitude","Offence_From_Year","Offence_To_Day","Offence_From_Day","Offence_To_Year","Offence_From_Month","Offence_To_Month","District_Name.Bengaluru City","District_Name.Belagavi City","District_Name.Bengaluru Dist","District_Name.Ballari","District_Name.Chamarajanagar","District_Name.Belagavi Dist","District_Name.Bidar","District_Name.Bagalkot","District_Name.Chitradurga","District_Name.Uttara Kannada","District_Name.Mysuru City","District_Name.Chickballapura","District_Name.Kodagu","District_Name.Kalaburagi","District_Name.Kalaburagi City","District_Name.Vijayanagara","District_Name.Hubballi Dharwad City"],[102855.859375,80134.734375,39830.953125,35486.453125,34264.62890625,31612.654296875,27672.71484375,27228.908203125,11647.015625,2026.933837890625,1998.5406494140625,1706.660888671875,1040.7923583984375,1027.029052734375,1004.79345703125,683.1690673828125,409.2742919921875,367.87677001953125,358.430419921875,143.9483642578125,116.10989379882812,82.55280303955078,37.513916015625,33.118431091308594,9.46414566040039],[1.0,0.779097417122718,0.38725020982792213,0.3450114883160977,0.3331324935152728,0.3073490853021712,0.26904364041000944,0.2647287997842855,0.11323628712814884,0.01970654710589379,0.019430498773313685,0.016592743466850985,0.010118940862706078,0.009985129276786766,0.009768947176532693,0.006642004369357908,0.003979105269054464,0.0035766243387097387,0.0034847836778562234,0.0013995154494115323,0.0011288602759664428,8.026067113840668E-4,3.6472317905442614E-4,3.219887645930098E-4,9.201367542801098E-5],[0.2560003634776211,0.19944922196789158,0.0991361944727331,0.08832306641287603,0.08528203942611609,0.0786814775518702,0.06887526973630481,0.06777066896777147,0.02898853066366237,0.005044883221997673,0.004974214748519774,0.004247748358604775,0.0025904525388613085,0.0025561967242284478,0.00250085402798605,0.0017003555327755719,0.00101865239519366,9.156171307325993E-4,8.921058881720744E-4,3.5827646374189854E-4,2.88988640962857E-4,2.054676098438992E-4,9.336926640664657E-5,8.242924077152067E-5,2.3555534354482666E-5]]},"variable_importances_cover":{"__meta":{"schema_version":3,"schema_name":"TwoDimTableV3","schema_type":"TwoDimTable"},"name":"Variable Importances - Cover","description":"","columns":[{"__meta":{"schema_version":-1,"schema_name":"ColumnSpecsBase","schema_type":"Iced"},"name":"variable","type":"string","format":"%s","description":"Variable"},{"__meta":{"schema_version":-1,"schema_name":"ColumnSpecsBase","schema_type":"Iced"},"name":"relative_importance","type":"double","format":"%5f","description":"Relative Importance"},{"__meta":{"schema_version":-1,"schema_name":"ColumnSpecsBase","schema_type":"Iced"},"name":"scaled_importance","type":"double","format":"%5f","description":"Scaled Importance"},{"__meta":{"schema_version":-1,"schema_name":"ColumnSpecsBase","schema_type":"Iced"},"name":"percentage","type":"double","format":"%5f","description":"Percentage"}],"rowcount":25,"data":[["Latitude","Longitude","Offence_From_Year","Offence_From_Day","Offence_To_Day","Offence_To_Year","Offence_From_Month","Offence_To_Month","District_Name.Bengaluru City","District_Name.Bengaluru Dist","District_Name.Belagavi City","District_Name.Chamarajanagar","District_Name.Bidar","District_Name.Bagalkot","District_Name.Ballari","District_Name.Uttara Kannada","District_Name.Mysuru City","District_Name.Belagavi Dist","District_Name.Chitradurga","District_Name.Kalaburagi City","District_Name.Vijayanagara","District_Name.Kalaburagi","District_Name.Kodagu","District_Name.Chickballapura","District_Name.Hubballi Dharwad City"],[1.0265753E7,9571826.0,4013636.0,3835527.25,3750056.5,2760088.5,2441188.25,2371906.5,650756.5,336636.375,280783.65625,216594.015625,210096.453125,207628.5,192874.203125,189266.359375,172960.21875,162759.90625,145042.46875,92603.765625,86396.5078125,79888.1875,69469.453125,67085.125,46447.140625],[1.0,0.932403692159747,0.39097336551931455,0.37362356662974455,0.36529775263441466,0.2688637160859023,0.23779923888681131,0.2310504158827901,0.06339101476530752,0.03279217559588663,0.02735149153208732,0.02109869735079346,0.020465761559332277,0.020225355120077407,0.018788120377043943,0.018436675748481384,0.01684827394054776,0.01585464858252483,0.014128770558769531,0.00902065008041787,0.008415993236200014,0.007782009512599807,0.00676710740312961,0.006534846981025162,0.004524474787675098],[0.2431647711168782,0.22672773039255706,0.0950709489392997,0.09085208906339354,0.08882754440885743,0.06537818398366177,0.057824397495679324,0.056183321494598176,0.015414461596272652,0.007973901873198254,0.006650919178105246,0.005130459912169976,0.0049765522253076375,0.004918093848531204,0.004568608991200246,0.004483150038535575,0.00409690667646776,0.0038552919937081876,0.0034356192590860807,0.0021935043121302606,0.0020464730690017714,0.001892310561960701,0.0016455221228053438,0.001589044570424806,0.0011001928761691013]]},"variable_importances_frequency":{"__meta":{"schema_version":3,"schema_name":"TwoDimTableV3","schema_type":"TwoDimTable"},"name":"Variable Importances - Frequency","description":"","columns":[{"__meta":{"schema_version":-1,"schema_name":"ColumnSpecsBase","schema_type":"Iced"},"name":"variable","type":"string","format":"%s","description":"Variable"},{"__meta":{"schema_version":-1,"schema_name":"ColumnSpecsBase","schema_type":"Iced"},"name":"relative_importance","type":"double","format":"%5f","description":"Relative Importance"},{"__meta":{"schema_version":-1,"schema_name":"ColumnSpecsBase","schema_type":"Iced"},"name":"scaled_importance","type":"double","format":"%5f","description":"Scaled Importance"},{"__meta":{"schema_version":-1,"schema_name":"ColumnSpecsBase","schema_type":"Iced"},"name":"percentage","type":"double","format":"%5f","description":"Percentage"}],"rowcount":25,"data":[["Latitude","Longitude","Offence_To_Day","Offence_From_Day","Offence_From_Month","Offence_To_Month","Offence_From_Year","Offence_To_Year","District_Name.Bengaluru City","District_Name.Bengaluru Dist","District_Name.Belagavi Dist","District_Name.Bagalkot","District_Name.Bidar","District_Name.Belagavi City","District_Name.Ballari","District_Name.Chamarajanagar","District_Name.Mysuru City","District_Name.Uttara Kannada","District_Name.Chitradurga","District_Name.Chickballapura","District_Name.Kalaburagi","District_Name.Vijayanagara","District_Name.Kalaburagi City","District_Name.Kodagu","District_Name.Hubballi Dharwad City"],[29480.0,27057.0,17860.0,17485.0,12578.0,11786.0,9844.0,8698.0,1064.0,665.0,518.0,305.0,301.0,297.0,285.0,208.0,65.0,63.0,55.0,47.0,26.0,22.0,19.0,17.0,8.0],[1.0,0.9178086838534599,0.6058344640434192,0.5931139755766621,0.42666214382632295,0.3997964721845319,0.333921302578019,0.29504748982360923,0.03609226594301221,0.022557666214382634,0.01757123473541384,0.010345997286295794,0.010210312075983718,0.010074626865671642,0.009667571234735413,0.007055630936227951,0.0022048846675712347,0.0021370420624151967,0.0018656716417910447,0.0015943012211668928,8.819538670284939E-4,7.462686567164179E-4,6.445047489823609E-4,5.76662143826323E-4,2.71370420624152E-4],[0.21246387465496241,0.19500118916347756,0.12871793763017736,0.1260152933630264,0.09065029224593342,0.08494230755371054,0.070946213775558,0.06268693289514461,0.007668302667329715,0.004792689167081072,0.0037332526143578878,0.0021981506706161306,0.0021693224650998536,0.0021404942595835766,0.002054009643034745,0.0014990666868464105,4.684583396395033E-4,4.5404423688136475E-4,3.9638782584881045E-4,3.387314148162562E-4,1.8738333585580132E-4,1.585551303395242E-4,1.3693397620231636E-4,1.225198734441778E-4,5.765641103255425E-5]]},"native_parameters":{"__meta":{"schema_version":3,"schema_name":"TwoDimTableV3","schema_type":"TwoDimTable"},"name":"Native XGBoost Parameters","description":"","columns":[{"__meta":{"schema_version":-1,"schema_name":"ColumnSpecsBase","schema_type":"Iced"},"name":"","type":"string","format":"%s","description":""},{"__meta":{"schema_version":-1,"schema_name":"ColumnSpecsBase","schema_type":"Iced"},"name":"name","type":"string","format":"%s","description":"Name"},{"__meta":{"schema_version":-1,"schema_name":"ColumnSpecsBase","schema_type":"Iced"},"name":"value","type":"string","format":"%s","description":"Value"}],"rowcount":19,"data":[["","","","","","","","","","","","","","","","","","",""],["silent","eta","colsample_bylevel","objective","min_child_weight","nthread","seed","num_class","max_depth","colsample_bytree","lambda","gamma","alpha","booster","grow_policy","nround","subsample","max_delta_step","tree_method"],[true,0.3,0.8,"multi:softprob",10.0,2,42,16,15,0.8,1.0,0.0,0.0,"gbtree","depthwise",10000,0.6,0.0,"exact"]]},"sparse":false},"compatible_frames":null}
